    "Time",    "Rainfall",     "Outflow",     "Outflow",   "Total Sed","     0.200mm","     0.300mm","     0.030mm","     0.010mm","     0.002mm"
   "(min)",     "(mm/hr)",     "(mm/hr)",   "(cu m /s)",      "(kg/s)",      "(kg/s)",      "(kg/s)",      "(kg/s)",      "(kg/s)",      "(kg/s)"
      0.00,      100.0000,       0.00000,     0.0000000,     0.0000000,     0.0000000,     0.0000000,     0.0000000,     0.0000000,     0.0000000
      0.10,      100.0000,       0.00001,     0.0000000,     0.0000000,     0.0000000,     0.0000000,     0.0000000,     0.0000000,     0.0000000
      0.20,      100.0000,       0.00012,     0.0000000,     0.0000000,     0.0000000,     0.0000000,     0.0000000,     0.0000000,     0.0000000
      0.30,      100.0000,       0.00042,     0.0000000,     0.0000000,     0.0000000,     0.0000000,     0.0000000,     0.0000000,     0.0000000
      0.40,      100.0000,       0.00102,     0.0000000,     0.0000000,     0.0000000,     0.0000000,     0.0000000,     0.0000000,     0.0000000
      0.50,      100.0000,       0.00199,     0.0000000,     0.0000000,     0.0000000,     0.0000000,     0.0000000,     0.0000000,     0.0000000
      0.60,      100.0000,       0.00344,     0.0000000,     0.0000000,     0.0000000,     0.0000000,     0.0000000,     0.0000000,     0.0000000
      0.70,      100.0000,       0.00549,     0.0000001,     0.0000000,     0.0000000,     0.0000000,     0.0000000,     0.0000000,     0.0000000
      0.80,      100.0000,       0.00830,     0.0000001,     0.0000000,     0.0000000,     0.0000000,     0.0000000,     0.0000000,     0.0000000
      0.90,      100.0000,       0.01205,     0.0000002,     0.0000000,     0.0000000,     0.0000000,     0.0000000,     0.0000000,     0.0000000
      1.00,      100.0000,       0.01697,     0.0000002,     0.0000000,     0.0000000,     0.0000000,     0.0000000,     0.0000000,     0.0000000
      1.10,      100.0000,       0.02332,     0.0000003,     0.0000000,     0.0000000,     0.0000000,     0.0000000,     0.0000000,     0.0000000
      1.20,      100.0000,       0.03141,     0.0000004,     0.0000142,     0.0000023,     0.0000047,     0.0000044,     0.0000027,     0.0000002
      1.30,      100.0000,       0.04160,     0.0000006,     0.0000244,     0.0000036,     0.0000072,     0.0000076,     0.0000055,     0.0000005
      1.40,      100.0000,       0.05433,     0.0000008,     0.0000375,     0.0000053,     0.0000108,     0.0000116,     0.0000089,     0.0000009
      1.50,      100.0000,       0.07012,     0.0000010,     0.0000550,     0.0000078,     0.0000157,     0.0000169,     0.0000132,     0.0000014
      1.60,       99.9999,       0.09625,     0.0000013,     0.0000851,     0.0000122,     0.0000248,     0.0000259,     0.0000199,     0.0000022
      1.70,      100.0000,       0.14008,     0.0000019,     0.0001398,     0.0000208,     0.0000421,     0.0000424,     0.0000312,     0.0000033
      1.80,      100.0000,       0.20377,     0.0000028,     0.0002280,     0.0000357,     0.0000724,     0.0000712,     0.0000435,     0.0000051
      1.90,      100.0000,       0.28933,     0.0000040,     0.0003550,     0.0000587,     0.0001190,     0.0001163,     0.0000531,     0.0000079
      2.00,      100.0002,       0.39843,     0.0000055,     0.0005240,     0.0000975,     0.0001979,     0.0001563,     0.0000595,     0.0000127
      2.10,       99.9999,       0.53237,     0.0000074,     0.0007290,     0.0001548,     0.0003143,     0.0001740,     0.0000646,     0.0000213
      2.20,      100.0000,       0.69212,     0.0000096,     0.0009647,     0.0002441,     0.0004396,     0.0001855,     0.0000689,     0.0000266
      2.30,      100.0000,       0.87488,     0.0000122,     0.0012273,     0.0004559,     0.0004766,     0.0001945,     0.0000722,     0.0000280
      2.40,      100.0000,       1.07838,     0.0000150,     0.0015137,     0.0007163,     0.0004927,     0.0002011,     0.0000746,     0.0000290
      2.50,      100.0000,       1.30278,     0.0000181,     0.0018268,     0.0010098,     0.0005048,     0.0002060,     0.0000765,     0.0000297
      2.60,      100.0000,       1.54822,     0.0000215,     0.0021668,     0.0013327,     0.0005154,     0.0002104,     0.0000781,     0.0000303
      2.70,      100.0000,       1.81483,     0.0000252,     0.0022563,     0.0014054,     0.0005257,     0.0002146,     0.0000796,     0.0000309
      2.80,       99.9997,       2.10274,     0.0000292,     0.0022997,     0.0014325,     0.0005358,     0.0002187,     0.0000812,     0.0000315
      2.90,      100.0003,       2.41204,     0.0000335,     0.0023423,     0.0014590,     0.0005458,     0.0002228,     0.0000827,     0.0000321
      3.00,      100.0000,       2.74282,     0.0000381,     0.0023858,     0.0014861,     0.0005559,     0.0002269,     0.0000842,     0.0000327
      3.10,      100.0000,       3.09515,     0.0000430,     0.0024315,     0.0015146,     0.0005666,     0.0002312,     0.0000858,     0.0000333
      3.20,       99.9997,       3.46908,     0.0000482,     0.0024789,     0.0015441,     0.0005776,     0.0002357,     0.0000875,     0.0000340
      3.30,      100.0000,       3.86466,     0.0000537,     0.0025283,     0.0015749,     0.0005891,     0.0002404,     0.0000892,     0.0000346
      3.40,      100.0003,       4.28192,     0.0000595,     0.0025785,     0.0016062,     0.0006008,     0.0002452,     0.0000910,     0.0000353
      3.50,       99.9997,       4.72086,     0.0000656,     0.0026315,     0.0016391,     0.0006131,     0.0002503,     0.0000929,     0.0000361
      3.60,      100.0003,       5.18149,     0.0000720,     0.0026827,     0.0016710,     0.0006251,     0.0002551,     0.0000947,     0.0000368
      3.70,       99.9997,       5.66380,     0.0000787,     0.0027323,     0.0017019,     0.0006366,     0.0002598,     0.0000964,     0.0000374
      3.80,      100.0003,       6.03430,     0.0000838,     0.0027692,     0.0017250,     0.0006452,     0.0002634,     0.0000978,     0.0000379
      3.90,       99.9997,       6.53383,     0.0000907,     0.0028160,     0.0017541,     0.0006561,     0.0002678,     0.0000994,     0.0000386
      4.00,      100.0000,       7.12710,     0.0000990,     0.0028669,     0.0017858,     0.0006680,     0.0002726,     0.0001012,     0.0000393
      4.10,      100.0003,       7.78276,     0.0001081,     0.0029180,     0.0018177,     0.0006799,     0.0002775,     0.0001030,     0.0000400
      4.20,       99.9997,       8.47381,     0.0001177,     0.0029669,     0.0018481,     0.0006913,     0.0002822,     0.0001047,     0.0000406
      4.30,      100.0000,       9.17832,     0.0001275,     0.0030121,     0.0018762,     0.0007018,     0.0002864,     0.0001063,     0.0000413
      4.40,       99.9997,       9.88003,     0.0001372,     0.0030531,     0.0019018,     0.0007114,     0.0002904,     0.0001078,     0.0000418
      4.50,      100.0003,      10.56858,     0.0001468,     0.0030901,     0.0019248,     0.0007200,     0.0002939,     0.0001091,     0.0000423
      4.60,      100.0000,      11.23923,     0.0001561,     0.0031235,     0.0019456,     0.0007278,     0.0002970,     0.0001103,     0.0000428
      4.70,      100.0000,      11.89232,     0.0001652,     0.0031541,     0.0019647,     0.0007349,     0.0003000,     0.0001113,     0.0000432
      4.80,      100.0000,      12.53241,     0.0001741,     0.0031826,     0.0019824,     0.0007415,     0.0003027,     0.0001123,     0.0000436
      4.90,      100.0000,      13.16717,     0.0001829,     0.0032098,     0.0019994,     0.0007479,     0.0003052,     0.0001133,     0.0000440
      5.00,      100.0000,      13.80638,     0.0001918,     0.0032363,     0.0020159,     0.0007541,     0.0003078,     0.0001142,     0.0000443
      5.10,      100.0000,      14.46086,     0.0002008,     0.0032629,     0.0020324,     0.0007602,     0.0003103,     0.0001152,     0.0000447
      5.20,      100.0000,      15.14157,     0.0002103,     0.0032897,     0.0020492,     0.0007665,     0.0003129,     0.0001161,     0.0000451
      5.30,      100.0000,      15.85878,     0.0002203,     0.0033172,     0.0020663,     0.0007729,     0.0003155,     0.0001171,     0.0000454
      5.40,      100.0000,      16.62151,     0.0002309,     0.0033453,     0.0020838,     0.0007795,     0.0003181,     0.0001181,     0.0000458
      5.50,      100.0000,      17.43694,     0.0002422,     0.0033741,     0.0021017,     0.0007862,     0.0003209,     0.0001191,     0.0000462
      5.60,      100.0000,      18.31026,     0.0002543,     0.0034032,     0.0021199,     0.0007930,     0.0003236,     0.0001201,     0.0000466
      5.70,       99.9995,      19.24427,     0.0002673,     0.0034325,     0.0021381,     0.0007998,     0.0003264,     0.0001212,     0.0000470
      5.80,      100.0006,      20.23958,     0.0002811,     0.0034615,     0.0021562,     0.0008065,     0.0003292,     0.0001222,     0.0000474
      5.90,      100.0000,      21.29452,     0.0002958,     0.0034899,     0.0021739,     0.0008132,     0.0003319,     0.0001232,     0.0000478
      6.00,      100.0000,      22.40543,     0.0003112,     0.0035173,     0.0021909,     0.0008195,     0.0003345,     0.0001242,     0.0000482
      6.10,      100.0000,      23.56680,     0.0003273,     0.0035432,     0.0022070,     0.0008256,     0.0003370,     0.0001251,     0.0000485
      6.20,       99.9995,      24.77170,     0.0003440,     0.0035673,     0.0022221,     0.0008312,     0.0003392,     0.0001259,     0.0000489
      6.30,      100.0006,      26.01213,     0.0003613,     0.0035893,     0.0022358,     0.0008363,     0.0003413,     0.0001267,     0.0000492
      6.40,      100.0000,      27.27933,     0.0003789,     0.0036091,     0.0022481,     0.0008409,     0.0003432,     0.0001274,     0.0000494
      6.50,       99.9995,      28.56419,     0.0003967,     0.0036263,     0.0022588,     0.0008449,     0.0003449,     0.0001280,     0.0000497
      6.60,      100.0006,      29.85760,     0.0004147,     0.0036410,     0.0022680,     0.0008484,     0.0003463,     0.0001285,     0.0000499
      6.70,       99.9995,      31.15072,     0.0004326,     0.0036532,     0.0022755,     0.0008512,     0.0003474,     0.0001290,     0.0000500
      6.80,      100.0000,      32.43525,     0.0004505,     0.0036627,     0.0022815,     0.0008534,     0.0003483,     0.0001293,     0.0000502
      6.90,      100.0006,      33.70359,     0.0004681,     0.0036698,     0.0022859,     0.0008551,     0.0003490,     0.0001295,     0.0000503
      7.00,       99.9995,      34.94905,     0.0004854,     0.0036745,     0.0022888,     0.0008562,     0.0003494,     0.0001297,     0.0000503
      7.10,      100.0000,      36.16583,     0.0005023,     0.0036770,     0.0022904,     0.0008567,     0.0003497,     0.0001298,     0.0000504
      7.20,      100.0006,      37.34912,     0.0005187,     0.0036774,     0.0022907,     0.0008568,     0.0003497,     0.0001298,     0.0000504
      7.30,      100.0000,      38.49509,     0.0005346,     0.0036760,     0.0022898,     0.0008565,     0.0003496,     0.0001298,     0.0000504
      7.40,       99.9995,      39.60084,     0.0005500,     0.0036730,     0.0022879,     0.0008558,     0.0003493,     0.0001297,     0.0000503
      7.50,      100.0000,      40.66431,     0.0005648,     0.0036686,     0.0022852,     0.0008548,     0.0003489,     0.0001295,     0.0000503
      7.60,      100.0000,      41.68423,     0.0005789,     0.0036629,     0.0022816,     0.0008535,     0.0003483,     0.0001293,     0.0000502
      7.70,      100.0006,      42.66003,     0.0005925,     0.0036562,     0.0022775,     0.0008519,     0.0003477,     0.0001291,     0.0000501
      7.80,      100.0000,      43.59172,     0.0006054,     0.0036487,     0.0022728,     0.0008501,     0.0003470,     0.0001288,     0.0000500
      7.90,       99.9995,      44.47984,     0.0006178,     0.0036405,     0.0022676,     0.0008482,     0.0003462,     0.0001285,     0.0000499
      8.00,      100.0000,      45.32529,     0.0006295,     0.0036318,     0.0022622,     0.0008462,     0.0003454,     0.0001282,     0.0000498
      8.10,      100.0000,      46.12935,     0.0006407,     0.0036227,     0.0022566,     0.0008441,     0.0003445,     0.0001279,     0.0000496
      8.20,      100.0000,      46.89351,     0.0006513,     0.0036134,     0.0022508,     0.0008419,     0.0003436,     0.0001276,     0.0000495
      8.30,      100.0006,      47.61946,     0.0006614,     0.0036040,     0.0022450,     0.0008397,     0.0003427,     0.0001272,     0.0000494
      8.40,       99.9995,      48.30901,     0.0006710,     0.0035947,     0.0022391,     0.0008376,     0.0003419,     0.0001269,     0.0000492
      8.50,      100.0000,      48.96403,     0.0006800,     0.0035854,     0.0022334,     0.0008354,     0.0003410,     0.0001266,     0.0000491
      8.60,      100.0000,      49.58644,     0.0006887,     0.0035764,     0.0022277,     0.0008333,     0.0003401,     0.0001262,     0.0000490
      8.70,      100.0000,      50.17816,     0.0006969,     0.0035675,     0.0022222,     0.0008312,     0.0003393,     0.0001259,     0.0000489
      8.80,      100.0006,      50.74104,     0.0007047,     0.0035590,     0.0022169,     0.0008293,     0.0003385,     0.0001256,     0.0000488
      8.90,       99.9989,      51.27693,     0.0007122,     0.0035509,     0.0022118,     0.0008274,     0.0003377,     0.0001253,     0.0000486
      9.00,      100.0006,      51.78759,     0.0007193,     0.0035431,     0.0022070,     0.0008255,     0.0003369,     0.0001251,     0.0000485
      9.10,      100.0000,      52.27470,     0.0007260,     0.0035358,     0.0022024,     0.0008238,     0.0003363,     0.0001248,     0.0000484
      9.20,      100.0000,      52.73985,     0.0007325,     0.0035289,     0.0021981,     0.0008222,     0.0003356,     0.0001246,     0.0000483
      9.30,      100.0000,      53.18456,     0.0007387,     0.0035224,     0.0021941,     0.0008207,     0.0003350,     0.0001243,     0.0000483
      9.40,       99.9995,      53.61024,     0.0007446,     0.0035165,     0.0021904,     0.0008193,     0.0003344,     0.0001241,     0.0000482
      9.50,      100.0006,      54.01821,     0.0007502,     0.0035110,     0.0021870,     0.0008181,     0.0003339,     0.0001239,     0.0000481
      9.60,       99.9995,      54.40971,     0.0007557,     0.0035060,     0.0021839,     0.0008169,     0.0003334,     0.0001238,     0.0000480
      9.70,      100.0006,      54.78586,     0.0007609,     0.0035015,     0.0021811,     0.0008158,     0.0003330,     0.0001236,     0.0000480
      9.80,      100.0006,      55.14776,     0.0007659,     0.0034974,     0.0021786,     0.0008149,     0.0003326,     0.0001235,     0.0000479
      9.90,       99.9995,      55.49636,     0.0007708,     0.0034938,     0.0021763,     0.0008141,     0.0003323,     0.0001233,     0.0000479
     10.00,       99.9995,      55.83257,     0.0007754,     0.0034907,     0.0021744,     0.0008133,     0.0003320,     0.0001232,     0.0000478
     10.10,      100.0006,      56.15722,     0.0007800,     0.0034880,     0.0021727,     0.0008127,     0.0003317,     0.0001231,     0.0000478
     10.20,       99.9995,      56.47110,     0.0007843,     0.0034857,     0.0021712,     0.0008122,     0.0003315,     0.0001230,     0.0000478
     10.30,      100.0006,      56.77488,     0.0007885,     0.0034838,     0.0021701,     0.0008117,     0.0003313,     0.0001230,     0.0000477
     10.40,       99.9995,      57.06920,     0.0007926,     0.0034823,     0.0021692,     0.0008114,     0.0003312,     0.0001229,     0.0000477
     10.50,      100.0006,      57.35468,     0.0007966,     0.0034812,     0.0021685,     0.0008111,     0.0003311,     0.0001229,     0.0000477
     10.60,       99.9995,      57.63185,     0.0008004,     0.0034805,     0.0021680,     0.0008110,     0.0003310,     0.0001229,     0.0000477
     10.70,      100.0006,      57.90121,     0.0008042,     0.0034801,     0.0021677,     0.0008109,     0.0003310,     0.0001228,     0.0000477
     10.80,      100.0006,      58.16320,     0.0008078,     0.0034800,     0.0021677,     0.0008108,     0.0003309,     0.0001228,     0.0000477
     10.90,       99.9995,      58.41827,     0.0008114,     0.0034802,     0.0021678,     0.0008109,     0.0003310,     0.0001229,     0.0000477
     11.00,       99.9995,      58.66679,     0.0008148,     0.0034807,     0.0021681,     0.0008110,     0.0003310,     0.0001229,     0.0000477
     11.10,      100.0006,      58.90912,     0.0008182,     0.0034815,     0.0021686,     0.0008112,     0.0003311,     0.0001229,     0.0000477
     11.20,       99.9995,      59.14558,     0.0008215,     0.0034825,     0.0021693,     0.0008114,     0.0003312,     0.0001229,     0.0000477
     11.30,      100.0006,      59.37646,     0.0008247,     0.0034838,     0.0021700,     0.0008117,     0.0003313,     0.0001230,     0.0000477
     11.40,      100.0006,      59.60206,     0.0008278,     0.0034853,     0.0021710,     0.0008121,     0.0003314,     0.0001230,     0.0000477
     11.50,       99.9983,      59.82262,     0.0008309,     0.0034870,     0.0021720,     0.0008125,     0.0003316,     0.0001231,     0.0000478
     11.60,      100.0006,      60.03838,     0.0008339,     0.0034889,     0.0021732,     0.0008129,     0.0003318,     0.0001232,     0.0000478
     11.70,      100.0006,      60.24955,     0.0008368,     0.0034910,     0.0021745,     0.0008134,     0.0003320,     0.0001232,     0.0000478
     11.80,       99.9995,      60.45634,     0.0008397,     0.0034932,     0.0021759,     0.0008139,     0.0003322,     0.0001233,     0.0000479
     11.90,      100.0006,      60.65894,     0.0008425,     0.0034956,     0.0021774,     0.0008145,     0.0003324,     0.0001234,     0.0000479
     12.00,       99.9995,      60.85751,     0.0008452,     0.0034981,     0.0021790,     0.0008151,     0.0003327,     0.0001235,     0.0000479
     12.10,      100.0006,      61.05224,     0.0008479,     0.0035008,     0.0021807,     0.0008157,     0.0003329,     0.0001236,     0.0000480
     12.20,       99.9995,      61.24327,     0.0008506,     0.0035036,     0.0021824,     0.0008163,     0.0003332,     0.0001237,     0.0000480
     12.30,      100.0006,      61.43072,     0.0008532,     0.0035065,     0.0021842,     0.0008170,     0.0003335,     0.0001238,     0.0000480
     12.40,       99.9995,      61.61475,     0.0008558,     0.0035095,     0.0021861,     0.0008177,     0.0003338,     0.0001239,     0.0000481
     12.50,       99.9995,      61.79546,     0.0008583,     0.0035126,     0.0021880,     0.0008184,     0.0003341,     0.0001240,     0.0000481
     12.60,      100.0006,      61.97299,     0.0008607,     0.0035158,     0.0021900,     0.0008192,     0.0003344,     0.0001241,     0.0000482
     12.70,      100.0006,      62.14743,     0.0008631,     0.0035191,     0.0021920,     0.0008199,     0.0003347,     0.0001242,     0.0000482
     12.80,       99.9995,      62.31889,     0.0008655,     0.0035224,     0.0021941,     0.0008207,     0.0003350,     0.0001243,     0.0000483
     12.90,      100.0006,      62.48748,     0.0008679,     0.0035257,     0.0021962,     0.0008215,     0.0003353,     0.0001245,     0.0000483
     13.00,       99.9995,      62.65327,     0.0008702,     0.0035292,     0.0021983,     0.0008223,     0.0003356,     0.0001246,     0.0000483
     13.10,       99.9995,      62.81636,     0.0008724,     0.0035326,     0.0022005,     0.0008231,     0.0003360,     0.0001247,     0.0000484
     13.20,      100.0006,      62.97683,     0.0008747,     0.0035361,     0.0022027,     0.0008239,     0.0003363,     0.0001248,     0.0000484
     13.30,      100.0006,      63.13475,     0.0008769,     0.0035397,     0.0022049,     0.0008247,     0.0003366,     0.0001250,     0.0000485
     13.40,       99.9995,      63.29021,     0.0008790,     0.0035433,     0.0022071,     0.0008256,     0.0003370,     0.0001251,     0.0000485
     13.50,       99.9995,      63.44327,     0.0008811,     0.0035469,     0.0022093,     0.0008264,     0.0003373,     0.0001252,     0.0000486
     13.60,      100.0006,      63.59399,     0.0008832,     0.0035505,     0.0022116,     0.0008273,     0.0003376,     0.0001253,     0.0000486
     13.70,       99.9995,      63.74246,     0.0008853,     0.0035541,     0.0022138,     0.0008281,     0.0003380,     0.0001255,     0.0000487
     13.80,      100.0006,      63.88872,     0.0008873,     0.0035577,     0.0022161,     0.0008290,     0.0003383,     0.0001256,     0.0000487
     13.90,      100.0006,      64.03283,     0.0008893,     0.0035614,     0.0022184,     0.0008298,     0.0003387,     0.0001257,     0.0000488
     14.00,       99.9995,      64.17485,     0.0008913,     0.0035650,     0.0022207,     0.0008307,     0.0003390,     0.0001258,     0.0000488
     14.10,       99.9995,      64.31483,     0.0008933,     0.0035687,     0.0022229,     0.0008315,     0.0003394,     0.0001260,     0.0000489
     14.20,      100.0017,      64.45284,     0.0008952,     0.0035723,     0.0022252,     0.0008324,     0.0003397,     0.0001261,     0.0000489
     14.30,       99.9983,      64.58889,     0.0008971,     0.0035760,     0.0022275,     0.0008332,     0.0003401,     0.0001262,     0.0000490
     14.40,       99.9995,      64.72306,     0.0008989,     0.0035796,     0.0022297,     0.0008340,     0.0003404,     0.0001264,     0.0000490
     14.50,      100.0017,      64.85539,     0.0009008,     0.0035832,     0.0022320,     0.0008349,     0.0003408,     0.0001265,     0.0000491
     14.60,       99.9995,      64.98592,     0.0009026,     0.0035868,     0.0022342,     0.0008357,     0.0003411,     0.0001266,     0.0000491
     14.70,      100.0006,      65.11469,     0.0009044,     0.0035904,     0.0022365,     0.0008366,     0.0003415,     0.0001267,     0.0000492
     14.80,       99.9995,      65.24174,     0.0009061,     0.0035940,     0.0022387,     0.0008374,     0.0003418,     0.0001269,     0.0000492
     14.90,       99.9995,      65.36713,     0.0009079,     0.0035976,     0.0022409,     0.0008382,     0.0003421,     0.0001270,     0.0000493
     15.00,      100.0006,      65.49087,     0.0009096,     0.0036011,     0.0022431,     0.0008391,     0.0003425,     0.0001271,     0.0000493
     15.10,       99.9995,      65.61299,     0.0009113,     0.0036047,     0.0022453,     0.0008399,     0.0003428,     0.0001272,     0.0000494
     15.20,      100.0006,      65.73357,     0.0009130,     0.0036082,     0.0022475,     0.0008407,     0.0003431,     0.0001274,     0.0000494
     15.30,       99.9995,      65.85261,     0.0009146,     0.0036116,     0.0022497,     0.0008415,     0.0003435,     0.0001275,     0.0000495
     15.40,       99.9995,      65.97015,     0.0009162,     0.0036151,     0.0022519,     0.0008423,     0.0003438,     0.0001276,     0.0000495
     15.50,      100.0017,      66.08622,     0.0009179,     0.0036186,     0.0022540,     0.0008431,     0.0003441,     0.0001277,     0.0000496
     15.60,       99.9995,      66.20086,     0.0009194,     0.0036220,     0.0022561,     0.0008439,     0.0003444,     0.0001279,     0.0000496
     15.70,      100.0006,      66.31409,     0.0009210,     0.0036254,     0.0022582,     0.0008447,     0.0003448,     0.0001280,     0.0000497
     15.80,       99.9995,      66.42594,     0.0009226,     0.0036287,     0.0022603,     0.0008455,     0.0003451,     0.0001281,     0.0000497
     15.90,       99.9995,      66.53645,     0.0009241,     0.0036321,     0.0022624,     0.0008463,     0.0003454,     0.0001282,     0.0000498
     16.00,      100.0006,      66.64564,     0.0009256,     0.0036354,     0.0022645,     0.0008470,     0.0003457,     0.0001283,     0.0000498
     16.10,       99.9995,      66.75351,     0.0009271,     0.0036387,     0.0022665,     0.0008478,     0.0003460,     0.0001284,     0.0000498
     16.20,      100.0006,      66.86014,     0.0009286,     0.0036419,     0.0022685,     0.0008486,     0.0003463,     0.0001286,     0.0000499
     16.30,       99.9995,      66.96552,     0.0009301,     0.0036451,     0.0022706,     0.0008493,     0.0003467,     0.0001287,     0.0000499
     16.40,       99.9995,      67.06968,     0.0009315,     0.0036483,     0.0022726,     0.0008501,     0.0003470,     0.0001288,     0.0000500
     16.50,      100.0006,      67.17264,     0.0009329,     0.0036515,     0.0022745,     0.0008508,     0.0003473,     0.0001289,     0.0000500
     16.60,       99.9995,      67.27442,     0.0009344,     0.0036547,     0.0022765,     0.0008515,     0.0003476,     0.0001290,     0.0000501
     16.70,      100.0017,      67.37505,     0.0009358,     0.0036578,     0.0022784,     0.0008523,     0.0003479,     0.0001291,     0.0000501
     16.80,       99.9995,      67.47456,     0.0009371,     0.0036609,     0.0022804,     0.0008530,     0.0003481,     0.0001292,     0.0000502
     16.90,       99.9995,      67.57297,     0.0009385,     0.0036639,     0.0022823,     0.0008537,     0.0003484,     0.0001293,     0.0000502
     17.00,      100.0006,      67.67027,     0.0009399,     0.0036670,     0.0022842,     0.0008544,     0.0003487,     0.0001294,     0.0000502
     17.10,       99.9995,      67.76652,     0.0009412,     0.0036700,     0.0022860,     0.0008551,     0.0003490,     0.0001296,     0.0000503
     17.20,      100.0006,      67.86172,     0.0009425,     0.0036730,     0.0022879,     0.0008558,     0.0003493,     0.0001297,     0.0000503
     17.30,       99.9995,      67.95588,     0.0009438,     0.0036759,     0.0022897,     0.0008565,     0.0003496,     0.0001298,     0.0000504
     17.40,       99.9995,      68.04903,     0.0009451,     0.0036789,     0.0022916,     0.0008572,     0.0003499,     0.0001299,     0.0000504
     17.50,      100.0006,      68.14120,     0.0009464,     0.0036818,     0.0022934,     0.0008579,     0.0003501,     0.0001300,     0.0000504
     17.60,       99.9995,      68.23239,     0.0009477,     0.0036846,     0.0022952,     0.0008585,     0.0003504,     0.0001301,     0.0000505
     17.70,      100.0017,      68.32262,     0.0009489,     0.0036875,     0.0022969,     0.0008592,     0.0003507,     0.0001302,     0.0000505
     17.80,       99.9983,      68.41191,     0.0009502,     0.0036903,     0.0022987,     0.0008598,     0.0003509,     0.0001303,     0.0000506
     17.90,       99.9995,      68.50027,     0.0009514,     0.0036931,     0.0023004,     0.0008605,     0.0003512,     0.0001304,     0.0000506
     18.00,      100.0017,      68.58774,     0.0009526,     0.0036959,     0.0023022,     0.0008611,     0.0003515,     0.0001305,     0.0000506
     18.10,       99.9995,      68.67429,     0.0009538,     0.0036986,     0.0023039,     0.0008618,     0.0003517,     0.0001306,     0.0000507
     18.20,      100.0006,      68.75999,     0.0009550,     0.0037013,     0.0023056,     0.0008624,     0.0003520,     0.0001307,     0.0000507
     18.30,       99.9995,      68.84481,     0.0009562,     0.0037040,     0.0023072,     0.0008630,     0.0003523,     0.0001308,     0.0000507
     18.40,       99.9995,      68.92879,     0.0009573,     0.0037067,     0.0023089,     0.0008637,     0.0003525,     0.0001308,     0.0000508
     18.50,      100.0006,      69.01192,     0.0009585,     0.0037093,     0.0023105,     0.0008643,     0.0003528,     0.0001309,     0.0000508
     18.60,       99.9995,      69.09423,     0.0009596,     0.0037119,     0.0023122,     0.0008649,     0.0003530,     0.0001310,     0.0000509
     18.70,      100.0006,      69.17574,     0.0009608,     0.0037145,     0.0023138,     0.0008655,     0.0003533,     0.0001311,     0.0000509
     18.80,       99.9995,      69.25644,     0.0009619,     0.0037171,     0.0023154,     0.0008661,     0.0003535,     0.0001312,     0.0000509
     18.90,       99.9995,      69.33637,     0.0009630,     0.0037197,     0.0023170,     0.0008667,     0.0003537,     0.0001313,     0.0000510
     19.00,      100.0017,      69.41553,     0.0009641,     0.0037222,     0.0023185,     0.0008673,     0.0003540,     0.0001314,     0.0000510
     19.10,       99.9995,      69.49393,     0.0009652,     0.0037247,     0.0023201,     0.0008679,     0.0003542,     0.0001315,     0.0000510
     19.20,       99.9995,      69.57159,     0.0009663,     0.0037272,     0.0023216,     0.0008684,     0.0003545,     0.0001316,     0.0000511
     19.30,       99.9995,      69.64852,     0.0009673,     0.0037296,     0.0023232,     0.0008690,     0.0003547,     0.0001317,     0.0000511
     19.40,       99.9995,      69.72472,     0.0009684,     0.0037320,     0.0023247,     0.0008696,     0.0003549,     0.0001317,     0.0000511
     19.50,      100.0017,      69.80021,     0.0009694,     0.0037344,     0.0023262,     0.0008701,     0.0003551,     0.0001318,     0.0000512
     19.60,       99.9995,      69.87500,     0.0009705,     0.0037368,     0.0023277,     0.0008707,     0.0003554,     0.0001319,     0.0000512
     19.70,      100.0017,      69.94910,     0.0009715,     0.0037392,     0.0023291,     0.0008712,     0.0003556,     0.0001320,     0.0000512
     19.80,       99.9995,      70.02251,     0.0009725,     0.0037415,     0.0023306,     0.0008718,     0.0003558,     0.0001321,     0.0000513
     19.90,       99.9995,      70.09527,     0.0009735,     0.0037439,     0.0023321,     0.0008723,     0.0003560,     0.0001322,     0.0000513
     20.00,       99.9995,      70.16735,     0.0009745,     0.0037462,     0.0023335,     0.0008729,     0.0003563,     0.0001322,     0.0000513
     20.10,       99.9995,      70.23878,     0.0009755,     0.0037485,     0.0023349,     0.0008734,     0.0003565,     0.0001323,     0.0000514
     20.20,      100.0017,      70.30959,     0.0009765,     0.0037507,     0.0023363,     0.0008739,     0.0003567,     0.0001324,     0.0000514
     20.30,       99.9995,      70.37977,     0.0009775,     0.0037530,     0.0023377,     0.0008744,     0.0003569,     0.0001325,     0.0000514
     20.40,       99.9995,      70.44933,     0.0009785,     0.0037552,     0.0023391,     0.0008750,     0.0003571,     0.0001326,     0.0000514
     20.50,       99.9995,      70.51827,     0.0009794,     0.0037574,     0.0023405,     0.0008755,     0.0003573,     0.0001326,     0.0000515
     20.60,       99.9995,      70.58661,     0.0009804,     0.0037596,     0.0023418,     0.0008760,     0.0003575,     0.0001327,     0.0000515
     20.70,      100.0017,      70.65436,     0.0009813,     0.0037617,     0.0023432,     0.0008765,     0.0003577,     0.0001328,     0.0000515
     20.80,       99.9995,      70.72150,     0.0009822,     0.0037639,     0.0023445,     0.0008770,     0.0003579,     0.0001329,     0.0000516
     20.90,       99.9995,      70.78809,     0.0009832,     0.0037660,     0.0023458,     0.0008775,     0.0003581,     0.0001329,     0.0000516
     21.00,      100.0017,      70.85410,     0.0009841,     0.0037681,     0.0023472,     0.0008780,     0.0003583,     0.0001330,     0.0000516
     21.10,       99.9995,      70.91954,     0.0009850,     0.0037702,     0.0023485,     0.0008785,     0.0003585,     0.0001331,     0.0000517
     21.20,       99.9995,      70.98444,     0.0009859,     0.0037723,     0.0023498,     0.0008789,     0.0003587,     0.0001332,     0.0000517
     21.30,       99.9995,      71.04880,     0.0009868,     0.0037743,     0.0023510,     0.0008794,     0.0003589,     0.0001332,     0.0000517
     21.40,      100.0017,      71.11260,     0.0009877,     0.0037764,     0.0023523,     0.0008799,     0.0003591,     0.0001333,     0.0000517
     21.50,       99.9995,      71.17590,     0.0009885,     0.0037784,     0.0023536,     0.0008804,     0.0003593,     0.0001334,     0.0000518
     21.60,       99.9995,      71.23865,     0.0009894,     0.0037804,     0.0023548,     0.0008808,     0.0003595,     0.0001334,     0.0000518
     21.70,      100.0017,      71.30089,     0.0009903,     0.0037824,     0.0023560,     0.0008813,     0.0003597,     0.0001335,     0.0000518
     21.80,       99.9972,      71.36262,     0.0009911,     0.0037844,     0.0023573,     0.0008818,     0.0003599,     0.0001336,     0.0000518
     21.90,      100.0017,      71.42384,     0.0009920,     0.0037863,     0.0023585,     0.0008822,     0.0003601,     0.0001337,     0.0000519
     22.00,       99.9995,      71.48458,     0.0009928,     0.0037883,     0.0023597,     0.0008827,     0.0003603,     0.0001337,     0.0000519
     22.10,       99.9995,      71.54482,     0.0009937,     0.0037902,     0.0023609,     0.0008831,     0.0003604,     0.0001338,     0.0000519
     22.20,      100.0017,      71.60457,     0.0009945,     0.0037921,     0.0023621,     0.0008836,     0.0003606,     0.0001339,     0.0000520
     22.30,       99.9995,      71.66386,     0.0009953,     0.0037940,     0.0023633,     0.0008840,     0.0003608,     0.0001339,     0.0000520
     22.40,       99.9995,      71.72266,     0.0009961,     0.0037959,     0.0023644,     0.0008844,     0.0003610,     0.0001340,     0.0000520
     22.50,       99.9995,      71.78101,     0.0009969,     0.0037977,     0.0023656,     0.0008849,     0.0003612,     0.0001341,     0.0000520
     22.60,       99.9995,      71.83890,     0.0009978,     0.0037996,     0.0023667,     0.0008853,     0.0003613,     0.0001341,     0.0000521
     22.70,      100.0017,      71.89633,     0.0009985,     0.0038014,     0.0023679,     0.0008857,     0.0003615,     0.0001342,     0.0000521
     22.80,       99.9995,      71.95331,     0.0009993,     0.0038032,     0.0023690,     0.0008861,     0.0003617,     0.0001343,     0.0000521
     22.90,      100.0017,      72.00986,     0.0010001,     0.0038050,     0.0023701,     0.0008866,     0.0003619,     0.0001343,     0.0000521
     23.00,       99.9995,      72.06596,     0.0010009,     0.0038068,     0.0023713,     0.0008870,     0.0003620,     0.0001344,     0.0000522
     23.10,       99.9972,      72.12164,     0.0010017,     0.0038086,     0.0023724,     0.0008874,     0.0003622,     0.0001344,     0.0000522
     23.20,      100.0017,      72.17691,     0.0010024,     0.0038104,     0.0023735,     0.0008878,     0.0003624,     0.0001345,     0.0000522
     23.30,       99.9995,      72.23175,     0.0010032,     0.0038121,     0.0023746,     0.0008882,     0.0003625,     0.0001346,     0.0000522
     23.40,      100.0017,      72.28618,     0.0010040,     0.0038138,     0.0023756,     0.0008886,     0.0003627,     0.0001346,     0.0000522
     23.50,       99.9995,      72.34019,     0.0010047,     0.0038156,     0.0023767,     0.0008890,     0.0003629,     0.0001347,     0.0000523
     23.60,       99.9995,      72.39380,     0.0010055,     0.0038173,     0.0023778,     0.0008894,     0.0003630,     0.0001347,     0.0000523
     23.70,       99.9995,      72.44700,     0.0010062,     0.0038190,     0.0023788,     0.0008898,     0.0003632,     0.0001348,     0.0000523
     23.80,       99.9995,      72.49982,     0.0010069,     0.0038206,     0.0023799,     0.0008902,     0.0003633,     0.0001349,     0.0000523
     23.90,      100.0017,      72.55224,     0.0010077,     0.0038223,     0.0023809,     0.0008906,     0.0003635,     0.0001349,     0.0000524
     24.00,       99.9995,      72.60427,     0.0010084,     0.0038240,     0.0023820,     0.0008910,     0.0003637,     0.0001350,     0.0000524
     24.10,       99.9995,      72.65593,     0.0010091,     0.0038256,     0.0023830,     0.0008914,     0.0003638,     0.0001350,     0.0000524
     24.20,      100.0017,      72.70721,     0.0010098,     0.0038273,     0.0023840,     0.0008918,     0.0003640,     0.0001351,     0.0000524
     24.30,       99.9995,      72.75813,     0.0010105,     0.0038289,     0.0023850,     0.0008921,     0.0003641,     0.0001352,     0.0000525
     24.40,       99.9995,      72.80869,     0.0010112,     0.0038305,     0.0023860,     0.0008925,     0.0003643,     0.0001352,     0.0000525
     24.50,       99.9995,      72.85888,     0.0010119,     0.0038321,     0.0023870,     0.0008929,     0.0003644,     0.0001353,     0.0000525
     24.60,       99.9995,      72.90869,     0.0010126,     0.0038337,     0.0023880,     0.0008932,     0.0003646,     0.0001353,     0.0000525
     24.70,      100.0017,      72.95817,     0.0010133,     0.0038352,     0.0023890,     0.0008936,     0.0003647,     0.0001354,     0.0000525
     24.80,       99.9995,      73.00729,     0.0010140,     0.0038368,     0.0023899,     0.0008940,     0.0003649,     0.0001354,     0.0000526
     24.90,       99.9995,      73.05608,     0.0010147,     0.0038384,     0.0023909,     0.0008943,     0.0003650,     0.0001355,     0.0000526
     25.00,       99.9995,      73.10452,     0.0010153,     0.0038399,     0.0023919,     0.0008947,     0.0003652,     0.0001355,     0.0000526
     25.10,       99.9995,      73.15261,     0.0010160,     0.0038414,     0.0023928,     0.0008951,     0.0003653,     0.0001356,     0.0000526
     25.20,      100.0017,      73.20037,     0.0010167,     0.0038430,     0.0023938,     0.0008954,     0.0003655,     0.0001357,     0.0000526
     25.30,       99.9995,      73.24780,     0.0010173,     0.0038445,     0.0023947,     0.0008958,     0.0003656,     0.0001357,     0.0000527
     25.40,      100.0017,      73.29491,     0.0010180,     0.0038460,     0.0023956,     0.0008961,     0.0003658,     0.0001358,     0.0000527
     25.50,       99.9995,      73.34169,     0.0010186,     0.0038474,     0.0023966,     0.0008965,     0.0003659,     0.0001358,     0.0000527
     25.60,       99.9995,      73.38816,     0.0010193,     0.0038489,     0.0023975,     0.0008968,     0.0003660,     0.0001359,     0.0000527
     25.70,       99.9995,      73.43430,     0.0010199,     0.0038504,     0.0023984,     0.0008971,     0.0003662,     0.0001359,     0.0000528
     25.80,       99.9995,      73.48014,     0.0010205,     0.0038519,     0.0023993,     0.0008975,     0.0003663,     0.0001360,     0.0000528
     25.90,      100.0017,      73.52566,     0.0010212,     0.0038533,     0.0024002,     0.0008978,     0.0003664,     0.0001360,     0.0000528
     26.00,       99.9995,      73.57088,     0.0010218,     0.0038547,     0.0024011,     0.0008982,     0.0003666,     0.0001361,     0.0000528
     26.10,       99.9995,      73.61580,     0.0010224,     0.0038562,     0.0024020,     0.0008985,     0.0003667,     0.0001361,     0.0000528
     26.20,       99.9995,      73.66042,     0.0010230,     0.0038576,     0.0024029,     0.0008988,     0.0003669,     0.0001362,     0.0000528
     26.30,       99.9995,      73.70474,     0.0010237,     0.0038590,     0.0024038,     0.0008991,     0.0003670,     0.0001362,     0.0000529
     26.40,      100.0017,      73.74878,     0.0010243,     0.0038604,     0.0024046,     0.0008995,     0.0003671,     0.0001363,     0.0000529
     26.50,       99.9995,      73.79252,     0.0010249,     0.0038618,     0.0024055,     0.0008998,     0.0003673,     0.0001363,     0.0000529
     26.60,       99.9995,      73.83596,     0.0010255,     0.0038632,     0.0024064,     0.0009001,     0.0003674,     0.0001364,     0.0000529
     26.70,      100.0017,      73.87914,     0.0010261,     0.0038645,     0.0024072,     0.0009004,     0.0003675,     0.0001364,     0.0000529
     26.80,       99.9995,      73.92203,     0.0010267,     0.0038659,     0.0024081,     0.0009008,     0.0003676,     0.0001365,     0.0000530
     26.90,       99.9995,      73.96464,     0.0010273,     0.0038672,     0.0024089,     0.0009011,     0.0003678,     0.0001365,     0.0000530
     27.00,       99.9995,      74.00698,     0.0010279,     0.0038686,     0.0024097,     0.0009014,     0.0003679,     0.0001366,     0.0000530
     27.10,       99.9995,      74.04906,     0.0010284,     0.0038699,     0.0024106,     0.0009017,     0.0003680,     0.0001366,     0.0000530
     27.20,      100.0017,      74.09085,     0.0010290,     0.0038713,     0.0024114,     0.0009020,     0.0003682,     0.0001367,     0.0000530
     27.30,       99.9995,      74.13238,     0.0010296,     0.0038726,     0.0024122,     0.0009023,     0.0003683,     0.0001367,     0.0000531
     27.40,       99.9995,      74.17365,     0.0010302,     0.0038739,     0.0024130,     0.0009026,     0.0003684,     0.0001367,     0.0000531
     27.50,       99.9995,      74.21465,     0.0010307,     0.0038752,     0.0024139,     0.0009029,     0.0003685,     0.0001368,     0.0000531
     27.60,       99.9995,      74.25540,     0.0010313,     0.0038765,     0.0024147,     0.0009032,     0.0003687,     0.0001368,     0.0000531
     27.70,      100.0017,      74.29590,     0.0010319,     0.0038778,     0.0024155,     0.0009035,     0.0003688,     0.0001369,     0.0000531
     27.80,       99.9995,      74.33614,     0.0010324,     0.0038790,     0.0024163,     0.0009038,     0.0003689,     0.0001369,     0.0000531
     27.90,      100.0017,      74.37614,     0.0010330,     0.0038803,     0.0024170,     0.0009041,     0.0003690,     0.0001370,     0.0000532
     28.00,       99.9995,      74.41588,     0.0010335,     0.0038816,     0.0024178,     0.0009044,     0.0003691,     0.0001370,     0.0000532
     28.10,       99.9995,      74.45538,     0.0010341,     0.0038828,     0.0024186,     0.0009047,     0.0003693,     0.0001371,     0.0000532
     28.20,       99.9995,      74.49465,     0.0010346,     0.0038841,     0.0024194,     0.0009050,     0.0003694,     0.0001371,     0.0000532
     28.30,       99.9995,      74.53366,     0.0010352,     0.0038853,     0.0024202,     0.0009053,     0.0003695,     0.0001372,     0.0000532
     28.40,       99.9995,      74.57243,     0.0010357,     0.0038865,     0.0024209,     0.0009056,     0.0003696,     0.0001372,     0.0000532
     28.50,      100.0039,      74.61098,     0.0010363,     0.0038877,     0.0024217,     0.0009058,     0.0003697,     0.0001372,     0.0000533
     28.60,       99.9995,      74.64928,     0.0010368,     0.0038890,     0.0024224,     0.0009061,     0.0003698,     0.0001373,     0.0000533
     28.70,       99.9972,      74.68737,     0.0010373,     0.0038902,     0.0024232,     0.0009064,     0.0003700,     0.0001373,     0.0000533
     28.80,       99.9995,      74.72524,     0.0010378,     0.0038914,     0.0024239,     0.0009067,     0.0003701,     0.0001374,     0.0000533
     28.90,       99.9995,      74.76290,     0.0010384,     0.0038926,     0.0024247,     0.0009070,     0.0003702,     0.0001374,     0.0000533
     29.00,      100.0039,      74.80033,     0.0010389,     0.0038937,     0.0024254,     0.0009072,     0.0003703,     0.0001374,     0.0000533
     29.10,       99.9995,      74.83755,     0.0010394,     0.0038949,     0.0024261,     0.0009075,     0.0003704,     0.0001375,     0.0000534
     29.20,       99.9995,      74.87455,     0.0010399,     0.0038961,     0.0024269,     0.0009078,     0.0003705,     0.0001375,     0.0000534
     29.30,       99.9995,      74.91133,     0.0010404,     0.0038973,     0.0024276,     0.0009081,     0.0003706,     0.0001376,     0.0000534
     29.40,       99.9995,      74.94788,     0.0010409,     0.0038984,     0.0024283,     0.0009083,     0.0003707,     0.0001376,     0.0000534
     29.50,      100.0017,      74.98421,     0.0010414,     0.0038996,     0.0024290,     0.0009086,     0.0003708,     0.0001377,     0.0000534
     29.60,       99.9995,      75.02035,     0.0010419,     0.0039007,     0.0024298,     0.0009089,     0.0003710,     0.0001377,     0.0000534
     29.70,       99.9995,      75.05626,     0.0010424,     0.0039019,     0.0024305,     0.0009091,     0.0003711,     0.0001377,     0.0000535
     29.80,       99.9995,      75.09197,     0.0010429,     0.0039030,     0.0024312,     0.0009094,     0.0003712,     0.0001378,     0.0000535
     29.90,       99.9995,      75.12747,     0.0010434,     0.0039041,     0.0024319,     0.0009097,     0.0003713,     0.0001378,     0.0000535
     30.00,      100.0017,      75.16277,     0.0010439,     0.0039052,     0.0024326,     0.0009099,     0.0003714,     0.0001379,     0.0000535
     30.10,       99.9995,      75.19788,     0.0010444,     0.0039063,     0.0024333,     0.0009102,     0.0003715,     0.0001379,     0.0000535
     30.20,       99.9995,      75.23277,     0.0010449,     0.0039074,     0.0024339,     0.0009104,     0.0003716,     0.0001379,     0.0000535
     30.30,       99.9995,      75.26747,     0.0010454,     0.0039085,     0.0024346,     0.0009107,     0.0003717,     0.0001380,     0.0000535
     30.40,       99.9995,      75.30198,     0.0010458,     0.0039096,     0.0024353,     0.0009109,     0.0003718,     0.0001380,     0.0000536
     30.50,      100.0017,      75.33630,     0.0010463,     0.0039107,     0.0024360,     0.0009112,     0.0003719,     0.0001380,     0.0000536
     30.60,       99.9995,      75.37043,     0.0010468,     0.0039118,     0.0024367,     0.0009114,     0.0003720,     0.0001381,     0.0000536
     30.70,       99.9995,      75.40434,     0.0010473,     0.0039129,     0.0024373,     0.0009117,     0.0003721,     0.0001381,     0.0000536
     30.80,       99.9995,      75.43808,     0.0010477,     0.0039139,     0.0024380,     0.0009119,     0.0003722,     0.0001382,     0.0000536
     30.90,       99.9995,      75.47163,     0.0010482,     0.0039150,     0.0024386,     0.0009122,     0.0003723,     0.0001382,     0.0000536
     31.00,      100.0039,      75.50500,     0.0010487,     0.0039160,     0.0024393,     0.0009124,     0.0003724,     0.0001382,     0.0000536
     31.10,       99.9995,      75.53819,     0.0010491,     0.0039171,     0.0024400,     0.0009127,     0.0003725,     0.0001383,     0.0000537
     31.20,       99.9995,      75.57117,     0.0010496,     0.0039181,     0.0024406,     0.0009129,     0.0003726,     0.0001383,     0.0000537
     31.30,       99.9995,      75.60399,     0.0010500,     0.0039192,     0.0024413,     0.0009132,     0.0003727,     0.0001383,     0.0000537
     31.40,       99.9972,      75.63663,     0.0010505,     0.0039202,     0.0024419,     0.0009134,     0.0003728,     0.0001384,     0.0000537
     31.50,      100.0039,      75.66909,     0.0010509,     0.0039212,     0.0024425,     0.0009136,     0.0003729,     0.0001384,     0.0000537
     31.60,       99.9995,      75.70135,     0.0010514,     0.0039222,     0.0024432,     0.0009139,     0.0003730,     0.0001385,     0.0000537
     31.70,       99.9995,      75.73345,     0.0010518,     0.0039233,     0.0024438,     0.0009141,     0.0003731,     0.0001385,     0.0000537
     31.80,       99.9995,      75.76538,     0.0010523,     0.0039243,     0.0024444,     0.0009144,     0.0003732,     0.0001385,     0.0000538
     31.90,       99.9995,      75.79713,     0.0010527,     0.0039253,     0.0024451,     0.0009146,     0.0003733,     0.0001386,     0.0000538
     32.00,      100.0017,      75.82871,     0.0010532,     0.0039263,     0.0024457,     0.0009148,     0.0003734,     0.0001386,     0.0000538
     32.10,       99.9995,      75.86012,     0.0010536,     0.0039273,     0.0024463,     0.0009151,     0.0003735,     0.0001386,     0.0000538
     32.20,       99.9995,      75.89137,     0.0010540,     0.0039282,     0.0024469,     0.0009153,     0.0003736,     0.0001387,     0.0000538
     32.30,       99.9995,      75.92244,     0.0010545,     0.0039292,     0.0024475,     0.0009155,     0.0003737,     0.0001387,     0.0000538
     32.40,       99.9995,      75.95335,     0.0010549,     0.0039302,     0.0024481,     0.0009157,     0.0003738,     0.0001387,     0.0000538
     32.50,      100.0017,      75.98410,     0.0010553,     0.0039312,     0.0024487,     0.0009160,     0.0003739,     0.0001388,     0.0000539
     32.60,       99.9995,      76.01469,     0.0010557,     0.0039321,     0.0024493,     0.0009162,     0.0003739,     0.0001388,     0.0000539
     32.70,       99.9995,      76.04512,     0.0010562,     0.0039331,     0.0024499,     0.0009164,     0.0003740,     0.0001388,     0.0000539
     32.80,       99.9995,      76.07538,     0.0010566,     0.0039341,     0.0024505,     0.0009166,     0.0003741,     0.0001389,     0.0000539
     32.90,       99.9995,      76.10548,     0.0010570,     0.0039350,     0.0024511,     0.0009169,     0.0003742,     0.0001389,     0.0000539
     33.00,      100.0039,      76.13544,     0.0010574,     0.0039360,     0.0024517,     0.0009171,     0.0003743,     0.0001389,     0.0000539
     33.10,       99.9972,      76.16524,     0.0010578,     0.0039369,     0.0024523,     0.0009173,     0.0003744,     0.0001390,     0.0000539
     33.20,       99.9995,      76.19487,     0.0010582,     0.0039378,     0.0024529,     0.0009175,     0.0003745,     0.0001390,     0.0000539
     33.30,       99.9995,      76.22435,     0.0010587,     0.0039388,     0.0024534,     0.0009177,     0.0003746,     0.0001390,     0.0000540
     33.40,       99.9995,      76.25369,     0.0010591,     0.0039397,     0.0024540,     0.0009179,     0.0003747,     0.0001391,     0.0000540
     33.50,      100.0039,      76.28288,     0.0010595,     0.0039406,     0.0024546,     0.0009182,     0.0003748,     0.0001391,     0.0000540
     33.60,       99.9995,      76.31191,     0.0010599,     0.0039415,     0.0024552,     0.0009184,     0.0003748,     0.0001391,     0.0000540
     33.70,       99.9995,      76.34080,     0.0010603,     0.0039424,     0.0024557,     0.0009186,     0.0003749,     0.0001392,     0.0000540
     33.80,       99.9995,      76.36954,     0.0010607,     0.0039433,     0.0024563,     0.0009188,     0.0003750,     0.0001392,     0.0000540
     33.90,       99.9995,      76.39814,     0.0010611,     0.0039442,     0.0024569,     0.0009190,     0.0003751,     0.0001392,     0.0000540
     34.00,      100.0017,      76.42657,     0.0010615,     0.0039451,     0.0024574,     0.0009192,     0.0003752,     0.0001393,     0.0000540
     34.10,       99.9995,      76.45490,     0.0010619,     0.0039460,     0.0024580,     0.0009194,     0.0003753,     0.0001393,     0.0000541
     34.20,       99.9995,      76.48306,     0.0010623,     0.0039469,     0.0024585,     0.0009196,     0.0003754,     0.0001393,     0.0000541
     34.30,       99.9995,      76.51108,     0.0010626,     0.0039478,     0.0024591,     0.0009198,     0.0003754,     0.0001394,     0.0000541
     34.40,       99.9995,      76.53897,     0.0010630,     0.0039487,     0.0024596,     0.0009200,     0.0003755,     0.0001394,     0.0000541
     34.50,      100.0017,      76.56672,     0.0010634,     0.0039495,     0.0024602,     0.0009202,     0.0003756,     0.0001394,     0.0000541
     34.60,       99.9995,      76.59431,     0.0010638,     0.0039504,     0.0024607,     0.0009204,     0.0003757,     0.0001394,     0.0000541
     34.70,       99.9995,      76.62180,     0.0010642,     0.0039513,     0.0024613,     0.0009206,     0.0003758,     0.0001395,     0.0000541
     34.80,       99.9995,      76.64914,     0.0010646,     0.0039521,     0.0024618,     0.0009208,     0.0003758,     0.0001395,     0.0000541
     34.90,       99.9995,      76.67635,     0.0010649,     0.0039530,     0.0024623,     0.0009210,     0.0003759,     0.0001395,     0.0000542
     35.00,      100.0017,      76.70341,     0.0010653,     0.0039538,     0.0024629,     0.0009212,     0.0003760,     0.0001396,     0.0000542
     35.10,       99.9995,      76.73038,     0.0010657,     0.0039547,     0.0024634,     0.0009214,     0.0003761,     0.0001396,     0.0000542
     35.20,       99.9995,      76.75719,     0.0010661,     0.0039555,     0.0024639,     0.0009216,     0.0003762,     0.0001396,     0.0000542
     35.30,       99.9995,      76.78387,     0.0010664,     0.0039564,     0.0024644,     0.0009218,     0.0003763,     0.0001397,     0.0000542
     35.40,       99.9995,      76.81043,     0.0010668,     0.0039572,     0.0024650,     0.0009220,     0.0003763,     0.0001397,     0.0000542
     35.50,      100.0039,      76.83685,     0.0010672,     0.0039581,     0.0024655,     0.0009222,     0.0003764,     0.0001397,     0.0000542
     35.60,       99.9995,      76.86315,     0.0010675,     0.0039589,     0.0024660,     0.0009224,     0.0003765,     0.0001397,     0.0000542
     35.70,       99.9972,      76.88933,     0.0010679,     0.0039597,     0.0024665,     0.0009226,     0.0003766,     0.0001398,     0.0000542
     35.80,       99.9995,      76.91538,     0.0010683,     0.0039605,     0.0024670,     0.0009228,     0.0003766,     0.0001398,     0.0000543
     35.90,       99.9995,      76.94131,     0.0010686,     0.0039613,     0.0024675,     0.0009230,     0.0003767,     0.0001398,     0.0000543
     36.00,      100.0039,      76.96712,     0.0010690,     0.0039622,     0.0024680,     0.0009232,     0.0003768,     0.0001399,     0.0000543
     36.10,       99.9995,      76.99280,     0.0010693,     0.0039630,     0.0024685,     0.0009234,     0.0003769,     0.0001399,     0.0000543
     36.20,       99.9995,      77.01836,     0.0010697,     0.0039638,     0.0024690,     0.0009236,     0.0003770,     0.0001399,     0.0000543
     36.30,       99.9995,      77.04379,     0.0010700,     0.0039646,     0.0024695,     0.0009237,     0.0003770,     0.0001399,     0.0000543
     36.40,       99.9995,      77.06911,     0.0010704,     0.0039654,     0.0024700,     0.0009239,     0.0003771,     0.0001400,     0.0000543
     36.50,      100.0017,      77.09432,     0.0010707,     0.0039662,     0.0024705,     0.0009241,     0.0003772,     0.0001400,     0.0000543
     36.60,       99.9995,      77.11941,     0.0010711,     0.0039669,     0.0024710,     0.0009243,     0.0003773,     0.0001400,     0.0000543
     36.70,       99.9995,      77.14438,     0.0010714,     0.0039677,     0.0024715,     0.0009245,     0.0003773,     0.0001401,     0.0000544
     36.80,       99.9995,      77.16924,     0.0010718,     0.0039685,     0.0024720,     0.0009247,     0.0003774,     0.0001401,     0.0000544
     36.90,       99.9995,      77.19398,     0.0010721,     0.0039693,     0.0024725,     0.0009248,     0.0003775,     0.0001401,     0.0000544
     37.00,      100.0017,      77.21861,     0.0010725,     0.0039701,     0.0024730,     0.0009250,     0.0003776,     0.0001401,     0.0000544
     37.10,       99.9995,      77.24312,     0.0010728,     0.0039708,     0.0024734,     0.0009252,     0.0003776,     0.0001402,     0.0000544
     37.20,       99.9995,      77.26752,     0.0010731,     0.0039716,     0.0024739,     0.0009254,     0.0003777,     0.0001402,     0.0000544
     37.30,       99.9995,      77.29182,     0.0010735,     0.0039724,     0.0024744,     0.0009256,     0.0003778,     0.0001402,     0.0000544
     37.40,       99.9995,      77.31600,     0.0010738,     0.0039731,     0.0024749,     0.0009257,     0.0003778,     0.0001403,     0.0000544
     37.50,      100.0017,      77.34007,     0.0010742,     0.0039739,     0.0024753,     0.0009259,     0.0003779,     0.0001403,     0.0000544
     37.60,      100.0017,      77.36403,     0.0010745,     0.0039746,     0.0024758,     0.0009261,     0.0003780,     0.0001403,     0.0000545
     37.70,       99.9972,      77.38789,     0.0010748,     0.0039754,     0.0024763,     0.0009263,     0.0003781,     0.0001403,     0.0000545
     37.80,      100.0017,      77.41164,     0.0010751,     0.0039761,     0.0024767,     0.0009264,     0.0003781,     0.0001404,     0.0000545
     37.90,       99.9972,      77.43529,     0.0010755,     0.0039769,     0.0024772,     0.0009266,     0.0003782,     0.0001404,     0.0000545
     38.00,      100.0017,      77.45882,     0.0010758,     0.0039776,     0.0024777,     0.0009268,     0.0003783,     0.0001404,     0.0000545
     38.10,      100.0017,      77.48224,     0.0010761,     0.0039783,     0.0024781,     0.0009270,     0.0003783,     0.0001404,     0.0000545
     38.20,       99.9972,      77.50558,     0.0010765,     0.0039791,     0.0024786,     0.0009271,     0.0003784,     0.0001405,     0.0000545
     38.30,      100.0017,      77.52879,     0.0010768,     0.0039798,     0.0024790,     0.0009273,     0.0003785,     0.0001405,     0.0000545
     38.40,       99.9972,      77.55190,     0.0010771,     0.0039805,     0.0024795,     0.0009275,     0.0003785,     0.0001405,     0.0000545
     38.50,      100.0017,      77.57493,     0.0010774,     0.0039813,     0.0024799,     0.0009276,     0.0003786,     0.0001405,     0.0000545
     38.60,      100.0017,      77.59784,     0.0010777,     0.0039820,     0.0024804,     0.0009278,     0.0003787,     0.0001406,     0.0000546
     38.70,       99.9972,      77.62066,     0.0010781,     0.0039827,     0.0024808,     0.0009280,     0.0003788,     0.0001406,     0.0000546
     38.80,      100.0017,      77.64338,     0.0010784,     0.0039834,     0.0024813,     0.0009281,     0.0003788,     0.0001406,     0.0000546
     38.90,       99.9972,      77.66600,     0.0010787,     0.0039841,     0.0024817,     0.0009283,     0.0003789,     0.0001406,     0.0000546
     39.00,      100.0062,      77.68852,     0.0010790,     0.0039848,     0.0024821,     0.0009285,     0.0003790,     0.0001407,     0.0000546
     39.10,       99.9972,      77.71094,     0.0010793,     0.0039855,     0.0024826,     0.0009286,     0.0003790,     0.0001407,     0.0000546
     39.20,       99.9972,      77.73328,     0.0010796,     0.0039862,     0.0024830,     0.0009288,     0.0003791,     0.0001407,     0.0000546
     39.30,      100.0017,      77.75550,     0.0010799,     0.0039869,     0.0024835,     0.0009290,     0.0003792,     0.0001407,     0.0000546
     39.40,       99.9972,      77.77764,     0.0010802,     0.0039876,     0.0024839,     0.0009291,     0.0003792,     0.0001408,     0.0000546
     39.50,      100.0062,      77.79968,     0.0010805,     0.0039883,     0.0024843,     0.0009293,     0.0003793,     0.0001408,     0.0000546
     39.60,       99.9972,      77.82161,     0.0010808,     0.0039890,     0.0024847,     0.0009294,     0.0003794,     0.0001408,     0.0000546
     39.70,      100.0017,      77.84346,     0.0010811,     0.0039897,     0.0024852,     0.0009296,     0.0003794,     0.0001408,     0.0000547
     39.80,       99.9972,      77.86521,     0.0010814,     0.0039904,     0.0024856,     0.0009298,     0.0003795,     0.0001409,     0.0000547
     39.90,      100.0017,      77.88687,     0.0010817,     0.0039910,     0.0024860,     0.0009299,     0.0003795,     0.0001409,     0.0000547
     40.00,      100.0017,      77.90845,     0.0010820,     0.0039917,     0.0024864,     0.0009301,     0.0003796,     0.0001409,     0.0000547
     40.10,       99.9972,      77.92992,     0.0010823,     0.0039924,     0.0024869,     0.0009302,     0.0003797,     0.0001409,     0.0000547
     40.20,      100.0017,      77.95132,     0.0010826,     0.0039931,     0.0024873,     0.0009304,     0.0003797,     0.0001410,     0.0000547
     40.30,       99.9972,      77.97262,     0.0010829,     0.0039937,     0.0024877,     0.0009305,     0.0003798,     0.0001410,     0.0000547
     40.40,      100.0017,      77.99383,     0.0010832,     0.0039944,     0.0024881,     0.0009307,     0.0003799,     0.0001410,     0.0000547
     40.50,      100.0017,      78.01495,     0.0010835,     0.0039951,     0.0024885,     0.0009308,     0.0003799,     0.0001410,     0.0000547
     40.60,       99.9972,      78.03598,     0.0010838,     0.0039957,     0.0024889,     0.0009310,     0.0003800,     0.0001410,     0.0000547
     40.70,      100.0017,      78.05694,     0.0010841,     0.0039964,     0.0024893,     0.0009312,     0.0003801,     0.0001411,     0.0000548
     40.80,       99.9972,      78.07779,     0.0010844,     0.0039970,     0.0024898,     0.0009313,     0.0003801,     0.0001411,     0.0000548
     40.90,      100.0017,      78.09857,     0.0010847,     0.0039977,     0.0024902,     0.0009315,     0.0003802,     0.0001411,     0.0000548
     41.00,      100.0017,      78.11924,     0.0010850,     0.0039983,     0.0024906,     0.0009316,     0.0003802,     0.0001411,     0.0000548
     41.10,       99.9972,      78.13984,     0.0010853,     0.0039990,     0.0024910,     0.0009318,     0.0003803,     0.0001412,     0.0000548
     41.20,      100.0017,      78.16036,     0.0010855,     0.0039996,     0.0024914,     0.0009319,     0.0003804,     0.0001412,     0.0000548
     41.30,       99.9972,      78.18079,     0.0010858,     0.0040003,     0.0024918,     0.0009321,     0.0003804,     0.0001412,     0.0000548
     41.40,      100.0017,      78.20115,     0.0010861,     0.0040009,     0.0024922,     0.0009322,     0.0003805,     0.0001412,     0.0000548
     41.50,      100.0017,      78.22141,     0.0010864,     0.0040015,     0.0024926,     0.0009324,     0.0003805,     0.0001413,     0.0000548
     41.60,      100.0017,      78.24159,     0.0010867,     0.0040022,     0.0024929,     0.0009325,     0.0003806,     0.0001413,     0.0000548
     41.70,       99.9972,      78.26170,     0.0010870,     0.0040028,     0.0024933,     0.0009327,     0.0003807,     0.0001413,     0.0000548
     41.80,       99.9972,      78.28172,     0.0010872,     0.0040034,     0.0024937,     0.0009328,     0.0003807,     0.0001413,     0.0000548
     41.90,      100.0017,      78.30166,     0.0010875,     0.0040040,     0.0024941,     0.0009329,     0.0003808,     0.0001413,     0.0000549
     42.00,      100.0017,      78.32151,     0.0010878,     0.0040047,     0.0024945,     0.0009331,     0.0003808,     0.0001414,     0.0000549
     42.10,      100.0017,      78.34130,     0.0010881,     0.0040053,     0.0024949,     0.0009332,     0.0003809,     0.0001414,     0.0000549
     42.20,       99.9972,      78.36100,     0.0010883,     0.0040059,     0.0024953,     0.0009334,     0.0003810,     0.0001414,     0.0000549
     42.30,      100.0017,      78.38062,     0.0010886,     0.0040065,     0.0024957,     0.0009335,     0.0003810,     0.0001414,     0.0000549
     42.40,       99.9972,      78.40016,     0.0010889,     0.0040071,     0.0024960,     0.0009337,     0.0003811,     0.0001415,     0.0000549
     42.50,      100.0017,      78.41962,     0.0010891,     0.0040077,     0.0024964,     0.0009338,     0.0003811,     0.0001415,     0.0000549
     42.60,      100.0017,      78.43901,     0.0010894,     0.0040083,     0.0024968,     0.0009339,     0.0003812,     0.0001415,     0.0000549
     42.70,       99.9972,      78.45831,     0.0010897,     0.0040090,     0.0024972,     0.0009341,     0.0003813,     0.0001415,     0.0000549
     42.80,      100.0017,      78.47755,     0.0010900,     0.0040096,     0.0024976,     0.0009342,     0.0003813,     0.0001415,     0.0000549
     42.90,      100.0017,      78.49671,     0.0010902,     0.0040102,     0.0024979,     0.0009344,     0.0003814,     0.0001416,     0.0000549
     43.00,       99.9972,      78.51580,     0.0010905,     0.0040108,     0.0024983,     0.0009345,     0.0003814,     0.0001416,     0.0000549
     43.10,      100.0017,      78.53479,     0.0010907,     0.0040113,     0.0024987,     0.0009346,     0.0003815,     0.0001416,     0.0000550
     43.20,       99.9972,      78.55373,     0.0010910,     0.0040119,     0.0024990,     0.0009348,     0.0003815,     0.0001416,     0.0000550
     43.30,      100.0017,      78.57259,     0.0010913,     0.0040125,     0.0024994,     0.0009349,     0.0003816,     0.0001416,     0.0000550
     43.40,      100.0017,      78.59138,     0.0010915,     0.0040131,     0.0024998,     0.0009351,     0.0003816,     0.0001417,     0.0000550
     43.50,      100.0017,      78.61010,     0.0010918,     0.0040137,     0.0025001,     0.0009352,     0.0003817,     0.0001417,     0.0000550
     43.60,       99.9972,      78.62874,     0.0010921,     0.0040143,     0.0025005,     0.0009353,     0.0003818,     0.0001417,     0.0000550
     43.70,       99.9972,      78.64732,     0.0010923,     0.0040149,     0.0025009,     0.0009355,     0.0003818,     0.0001417,     0.0000550
     43.80,      100.0017,      78.66582,     0.0010926,     0.0040154,     0.0025012,     0.0009356,     0.0003819,     0.0001417,     0.0000550
     43.90,      100.0017,      78.68423,     0.0010928,     0.0040160,     0.0025016,     0.0009357,     0.0003819,     0.0001418,     0.0000550
     44.00,      100.0017,      78.70258,     0.0010931,     0.0040166,     0.0025019,     0.0009359,     0.0003820,     0.0001418,     0.0000550
     44.10,       99.9972,      78.72087,     0.0010933,     0.0040172,     0.0025023,     0.0009360,     0.0003820,     0.0001418,     0.0000550
     44.20,      100.0017,      78.73908,     0.0010936,     0.0040177,     0.0025027,     0.0009361,     0.0003821,     0.0001418,     0.0000550
     44.30,       99.9972,      78.75723,     0.0010938,     0.0040183,     0.0025030,     0.0009363,     0.0003821,     0.0001418,     0.0000551
     44.40,      100.0017,      78.77530,     0.0010941,     0.0040189,     0.0025034,     0.0009364,     0.0003822,     0.0001419,     0.0000551
     44.50,      100.0017,      78.79330,     0.0010943,     0.0040194,     0.0025037,     0.0009365,     0.0003822,     0.0001419,     0.0000551
     44.60,       99.9972,      78.81124,     0.0010946,     0.0040200,     0.0025041,     0.0009367,     0.0003823,     0.0001419,     0.0000551
     44.70,      100.0017,      78.82911,     0.0010948,     0.0040206,     0.0025044,     0.0009368,     0.0003824,     0.0001419,     0.0000551
     44.80,       99.9972,      78.84692,     0.0010951,     0.0040211,     0.0025048,     0.0009369,     0.0003824,     0.0001419,     0.0000551
     44.90,      100.0017,      78.86465,     0.0010953,     0.0040217,     0.0025051,     0.0009370,     0.0003825,     0.0001420,     0.0000551
     45.00,        0.0000,      78.88231,     0.0010956,     0.0040222,     0.0025054,     0.0009372,     0.0003825,     0.0001420,     0.0000551
     45.10,        0.0000,      75.67847,     0.0010511,     0.0038978,     0.0024279,     0.0009082,     0.0003707,     0.0001376,     0.0000534
     45.20,        0.0000,      73.57716,     0.0010219,     0.0037851,     0.0023577,     0.0008819,     0.0003600,     0.0001336,     0.0000519
     45.30,        0.0000,      71.47720,     0.0009927,     0.0036722,     0.0022874,     0.0008556,     0.0003492,     0.0001296,     0.0000503
     45.40,        0.0000,      69.08438,     0.0009595,     0.0035570,     0.0022156,     0.0008288,     0.0003383,     0.0001256,     0.0000487
     45.50,        0.0000,      66.43657,     0.0009227,     0.0034403,     0.0021430,     0.0008016,     0.0003272,     0.0001214,     0.0000471
     45.60,        0.0000,      63.67159,     0.0008843,     0.0033243,     0.0020707,     0.0007746,     0.0003161,     0.0001173,     0.0000455
     45.70,        0.0000,      60.92405,     0.0008462,     0.0032106,     0.0019999,     0.0007481,     0.0003053,     0.0001133,     0.0000440
     45.80,        0.0000,      58.28936,     0.0008096,     0.0031001,     0.0019311,     0.0007223,     0.0002948,     0.0001094,     0.0000425
     45.90,        0.0000,      55.81928,     0.0007753,     0.0029934,     0.0018646,     0.0006975,     0.0002847,     0.0001057,     0.0000410
     46.00,        0.0000,      53.53025,     0.0007435,     0.0028903,     0.0018003,     0.0006734,     0.0002749,     0.0001020,     0.0000396
     46.10,        0.0000,      51.41462,     0.0007141,     0.0027906,     0.0017383,     0.0006502,     0.0002654,     0.0000985,     0.0000382
     46.20,        0.0000,      49.45103,     0.0006868,     0.0026939,     0.0016781,     0.0006277,     0.0002562,     0.0000951,     0.0000369
     46.30,        0.0000,      47.61221,     0.0006613,     0.0025999,     0.0016195,     0.0006058,     0.0002473,     0.0000918,     0.0000356
     46.40,        0.0000,      45.87033,     0.0006371,     0.0025082,     0.0015623,     0.0005844,     0.0002385,     0.0000885,     0.0000344
     46.50,        0.0000,      44.20029,     0.0006139,     0.0024184,     0.0015064,     0.0005635,     0.0002300,     0.0000854,     0.0000331
     46.60,        0.0000,      42.58130,     0.0005914,     0.0023304,     0.0014516,     0.0005430,     0.0002216,     0.0000823,     0.0000319
     46.70,        0.0000,      40.99742,     0.0005694,     0.0022440,     0.0013978,     0.0005228,     0.0002134,     0.0000792,     0.0000307
     46.80,        0.0000,      39.43729,     0.0005477,     0.0021592,     0.0013450,     0.0005031,     0.0002053,     0.0000762,     0.0000296
     46.90,        0.0000,      37.89318,     0.0005263,     0.0020754,     0.0012928,     0.0004836,     0.0001974,     0.0000733,     0.0000284
     47.00,        0.0000,      36.57809,     0.0005080,     0.0019937,     0.0012419,     0.0004645,     0.0001896,     0.0000704,     0.0000273
     47.10,        0.0000,      35.13035,     0.0004879,     0.0019110,     0.0011904,     0.0004453,     0.0001817,     0.0000675,     0.0000262
     47.20,        0.0000,      33.50949,     0.0004654,     0.0018296,     0.0011396,     0.0004263,     0.0001740,     0.0000646,     0.0000251
     47.30,        0.0000,      31.85569,     0.0004424,     0.0017514,     0.0010909,     0.0004081,     0.0001666,     0.0000618,     0.0000240
     47.40,        0.0000,      30.24056,     0.0004200,     0.0016762,     0.0010441,     0.0003906,     0.0001594,     0.0000592,     0.0000230
     47.50,        0.0000,      28.69583,     0.0003985,     0.0016039,     0.0009991,     0.0003737,     0.0001525,     0.0000566,     0.0000220
     47.60,        0.0000,      27.23123,     0.0003782,     0.0015344,     0.0009558,     0.0003575,     0.0001459,     0.0000542,     0.0000210
     47.70,        0.0000,      25.84529,     0.0003590,     0.0014676,     0.0009142,     0.0003420,     0.0001396,     0.0000518,     0.0000201
     47.80,        0.0000,      24.53167,     0.0003407,     0.0014042,     0.0008747,     0.0003272,     0.0001335,     0.0000496,     0.0000192
     47.90,        0.0000,      23.28262,     0.0003234,     0.0013443,     0.0008374,     0.0003132,     0.0001278,     0.0000475,     0.0000184
     48.00,        0.0000,      22.09086,     0.0003068,     0.0012860,     0.0008011,     0.0002996,     0.0001223,     0.0000454,     0.0000176
     48.10,        0.0000,      20.95032,     0.0002910,     0.0012278,     0.0007648,     0.0002861,     0.0001168,     0.0000433,     0.0000168
     48.20,        0.0000,      19.85743,     0.0002758,     0.0011708,     0.0007293,     0.0002728,     0.0001113,     0.0000413,     0.0000160
     48.30,        0.0000,      18.66777,     0.0002593,     0.0011147,     0.0006944,     0.0002597,     0.0001060,     0.0000394,     0.0000153
     48.40,        0.0000,      17.40441,     0.0002417,     0.0010604,     0.0006605,     0.0002471,     0.0001008,     0.0000374,     0.0000145
     48.50,        0.0000,      16.36674,     0.0002273,     0.0010106,     0.0006295,     0.0002355,     0.0000961,     0.0000357,     0.0000138
     48.60,        0.0000,      15.46920,     0.0002148,     0.0009638,     0.0006004,     0.0002246,     0.0000917,     0.0000340,     0.0000132
     48.70,        0.0000,      14.65714,     0.0002036,     0.0009193,     0.0005726,     0.0002142,     0.0000874,     0.0000325,     0.0000126
     48.80,        0.0000,      13.89642,     0.0001930,     0.0008766,     0.0005460,     0.0002042,     0.0000834,     0.0000309,     0.0000120
     48.90,        0.0000,      13.16650,     0.0001829,     0.0008354,     0.0005204,     0.0001946,     0.0000794,     0.0000295,     0.0000114
     49.00,        0.0000,      12.45574,     0.0001730,     0.0007955,     0.0004955,     0.0001854,     0.0000757,     0.0000281,     0.0000109
     49.10,        0.0000,      11.75817,     0.0001633,     0.0007572,     0.0004716,     0.0001764,     0.0000720,     0.0000267,     0.0000104
     49.20,        0.0000,      11.07130,     0.0001538,     0.0007200,     0.0004485,     0.0001678,     0.0000685,     0.0000254,     0.0000099
     49.30,        0.0000,      10.39451,     0.0001444,     0.0006828,     0.0004253,     0.0001591,     0.0000649,     0.0000241,     0.0000094
     49.40,        0.0000,       9.72776,     0.0001351,     0.0006457,     0.0004022,     0.0001505,     0.0000614,     0.0000228,     0.0000088
     49.50,        0.0000,       9.08479,     0.0001262,     0.0006100,     0.0003799,     0.0001421,     0.0000580,     0.0000215,     0.0000084
     49.60,        0.0000,       8.73920,     0.0001214,     0.0005793,     0.0003608,     0.0001350,     0.0000551,     0.0000204,     0.0000079
     49.70,        0.0000,       8.34951,     0.0001160,     0.0005490,     0.0003420,     0.0001279,     0.0000522,     0.0000194,     0.0000075
     49.80,        0.0000,       7.88674,     0.0001095,     0.0005188,     0.0003231,     0.0001209,     0.0000493,     0.0000183,     0.0000071
     49.90,        0.0000,       7.38129,     0.0001025,     0.0004889,     0.0003046,     0.0001139,     0.0000465,     0.0000173,     0.0000067
     50.00,        0.0000,       6.85608,     0.0000952,     0.0004599,     0.0002865,     0.0001072,     0.0000437,     0.0000162,     0.0000063
     50.10,        0.0000,       6.32803,     0.0000879,     0.0004319,     0.0002690,     0.0001006,     0.0000411,     0.0000152,     0.0000059
     50.20,        0.0000,       5.80947,     0.0000807,     0.0004050,     0.0002523,     0.0000944,     0.0000385,     0.0000143,     0.0000055
     50.30,        0.0000,       5.30927,     0.0000737,     0.0003736,     0.0002327,     0.0000870,     0.0000355,     0.0000132,     0.0000051
     50.40,        0.0000,       4.83372,     0.0000671,     0.0003430,     0.0002137,     0.0000799,     0.0000326,     0.0000121,     0.0000047
     50.50,        0.0000,       4.38741,     0.0000609,     0.0003144,     0.0001958,     0.0000733,     0.0000299,     0.0000111,     0.0000043
     50.60,        0.0000,       3.97400,     0.0000552,     0.0002882,     0.0001795,     0.0000672,     0.0000274,     0.0000102,     0.0000039
     50.70,        0.0000,       3.58629,     0.0000498,     0.0002645,     0.0001648,     0.0000616,     0.0000252,     0.0000093,     0.0000036
     50.80,        0.0000,       2.98981,     0.0000415,     0.0002396,     0.0001493,     0.0000558,     0.0000228,     0.0000085,     0.0000033
     50.90,        0.0000,       2.43758,     0.0000339,     0.0002166,     0.0001349,     0.0000505,     0.0000206,     0.0000076,     0.0000030
     51.00,        0.0000,       1.96486,     0.0000273,     0.0001959,     0.0001220,     0.0000456,     0.0000186,     0.0000069,     0.0000027
     51.10,        0.0000,       1.55962,     0.0000217,     0.0001770,     0.0001102,     0.0000412,     0.0000168,     0.0000062,     0.0000024
     51.20,        0.0000,       1.21226,     0.0000168,     0.0001596,     0.0000994,     0.0000372,     0.0000152,     0.0000056,     0.0000022
     51.30,        0.0000,       0.91520,     0.0000127,     0.0001435,     0.0000894,     0.0000334,     0.0000136,     0.0000051,     0.0000020
     51.40,        0.0000,       0.66253,     0.0000092,     0.0001283,     0.0000799,     0.0000299,     0.0000122,     0.0000045,     0.0000018
     51.50,        0.0000,       0.44993,     0.0000062,     0.0000000,     0.0000000,     0.0000000,     0.0000000,     0.0000000,     0.0000000
     51.60,        0.0000,       0.27463,     0.0000038,     0.0000000,     0.0000000,     0.0000000,     0.0000000,     0.0000000,     0.0000000
     51.70,        0.0000,       0.13600,     0.0000019,     0.0000000,     0.0000000,     0.0000000,     0.0000000,     0.0000000,     0.0000000
     51.80,        0.0000,       0.03706,     0.0000005,     0.0000000,     0.0000000,     0.0000000,     0.0000000,     0.0000000,     0.0000000
     51.90,        0.0000,       0.00000,     0.0000000,     0.0000000,     0.0000000,     0.0000000,     0.0000000,     0.0000000,     0.0000000
     52.00,        0.0000,       0.00000,     0.0000000,     0.0000000,     0.0000000,     0.0000000,     0.0000000,     0.0000000,     0.0000000
     52.10,        0.0000,       0.00000,     0.0000000,     0.0000000,     0.0000000,     0.0000000,     0.0000000,     0.0000000,     0.0000000
     52.20,        0.0000,       0.00000,     0.0000000,     0.0000000,     0.0000000,     0.0000000,     0.0000000,     0.0000000,     0.0000000
     52.30,        0.0000,       0.00000,     0.0000000,     0.0000000,     0.0000000,     0.0000000,     0.0000000,     0.0000000,     0.0000000
     52.40,        0.0000,       0.00000,     0.0000000,     0.0000000,     0.0000000,     0.0000000,     0.0000000,     0.0000000,     0.0000000
     52.50,        0.0000,       0.00000,     0.0000000,     0.0000000,     0.0000000,     0.0000000,     0.0000000,     0.0000000,     0.0000000
     52.60,        0.0000,       0.00000,     0.0000000,     0.0000000,     0.0000000,     0.0000000,     0.0000000,     0.0000000,     0.0000000
     52.70,        0.0000,       0.00000,     0.0000000,     0.0000000,     0.0000000,     0.0000000,     0.0000000,     0.0000000,     0.0000000
     52.80,        0.0000,       0.00000,     0.0000000,     0.0000000,     0.0000000,     0.0000000,     0.0000000,     0.0000000,     0.0000000
     52.90,        0.0000,       0.00000,     0.0000000,     0.0000000,     0.0000000,     0.0000000,     0.0000000,     0.0000000,     0.0000000
     53.00,        0.0000,       0.00000,     0.0000000,     0.0000000,     0.0000000,     0.0000000,     0.0000000,     0.0000000,     0.0000000
     53.10,        0.0000,       0.00000,     0.0000000,     0.0000000,     0.0000000,     0.0000000,     0.0000000,     0.0000000,     0.0000000
     53.20,        0.0000,       0.00000,     0.0000000,     0.0000000,     0.0000000,     0.0000000,     0.0000000,     0.0000000,     0.0000000
     53.30,        0.0000,       0.00000,     0.0000000,     0.0000000,     0.0000000,     0.0000000,     0.0000000,     0.0000000,     0.0000000
     53.40,        0.0000,       0.00000,     0.0000000,     0.0000000,     0.0000000,     0.0000000,     0.0000000,     0.0000000,     0.0000000
     53.50,        0.0000,       0.00000,     0.0000000,     0.0000000,     0.0000000,     0.0000000,     0.0000000,     0.0000000,     0.0000000
     53.60,        0.0000,       0.00000,     0.0000000,     0.0000000,     0.0000000,     0.0000000,     0.0000000,     0.0000000,     0.0000000
     53.70,        0.0000,       0.00000,     0.0000000,     0.0000000,     0.0000000,     0.0000000,     0.0000000,     0.0000000,     0.0000000
     53.80,        0.0000,       0.00000,     0.0000000,     0.0000000,     0.0000000,     0.0000000,     0.0000000,     0.0000000,     0.0000000
     53.90,        0.0000,       0.00000,     0.0000000,     0.0000000,     0.0000000,     0.0000000,     0.0000000,     0.0000000,     0.0000000
     54.00,        0.0000,       0.00000,     0.0000000,     0.0000000,     0.0000000,     0.0000000,     0.0000000,     0.0000000,     0.0000000
     54.10,        0.0000,       0.00000,     0.0000000,     0.0000000,     0.0000000,     0.0000000,     0.0000000,     0.0000000,     0.0000000
     54.20,        0.0000,       0.00000,     0.0000000,     0.0000000,     0.0000000,     0.0000000,     0.0000000,     0.0000000,     0.0000000
     54.30,        0.0000,       0.00000,     0.0000000,     0.0000000,     0.0000000,     0.0000000,     0.0000000,     0.0000000,     0.0000000
     54.40,        0.0000,       0.00000,     0.0000000,     0.0000000,     0.0000000,     0.0000000,     0.0000000,     0.0000000,     0.0000000
     54.50,        0.0000,       0.00000,     0.0000000,     0.0000000,     0.0000000,     0.0000000,     0.0000000,     0.0000000,     0.0000000
     54.60,        0.0000,       0.00000,     0.0000000,     0.0000000,     0.0000000,     0.0000000,     0.0000000,     0.0000000,     0.0000000
     54.70,        0.0000,       0.00000,     0.0000000,     0.0000000,     0.0000000,     0.0000000,     0.0000000,     0.0000000,     0.0000000
     54.80,        0.0000,       0.00000,     0.0000000,     0.0000000,     0.0000000,     0.0000000,     0.0000000,     0.0000000,     0.0000000
     54.90,        0.0000,       0.00000,     0.0000000,     0.0000000,     0.0000000,     0.0000000,     0.0000000,     0.0000000,     0.0000000
     55.00,        0.0000,       0.00000,     0.0000000,     0.0000000,     0.0000000,     0.0000000,     0.0000000,     0.0000000,     0.0000000
     55.10,        0.0000,       0.00000,     0.0000000,     0.0000000,     0.0000000,     0.0000000,     0.0000000,     0.0000000,     0.0000000
     55.20,        0.0000,       0.00000,     0.0000000,     0.0000000,     0.0000000,     0.0000000,     0.0000000,     0.0000000,     0.0000000
     55.30,        0.0000,       0.00000,     0.0000000,     0.0000000,     0.0000000,     0.0000000,     0.0000000,     0.0000000,     0.0000000
     55.40,        0.0000,       0.00000,     0.0000000,     0.0000000,     0.0000000,     0.0000000,     0.0000000,     0.0000000,     0.0000000
     55.50,        0.0000,       0.00000,     0.0000000,     0.0000000,     0.0000000,     0.0000000,     0.0000000,     0.0000000,     0.0000000
     55.60,        0.0000,       0.00000,     0.0000000,     0.0000000,     0.0000000,     0.0000000,     0.0000000,     0.0000000,     0.0000000
     55.70,        0.0000,       0.00000,     0.0000000,     0.0000000,     0.0000000,     0.0000000,     0.0000000,     0.0000000,     0.0000000
     55.80,        0.0000,       0.00000,     0.0000000,     0.0000000,     0.0000000,     0.0000000,     0.0000000,     0.0000000,     0.0000000
     55.90,        0.0000,       0.00000,     0.0000000,     0.0000000,     0.0000000,     0.0000000,     0.0000000,     0.0000000,     0.0000000
     56.00,        0.0000,       0.00000,     0.0000000,     0.0000000,     0.0000000,     0.0000000,     0.0000000,     0.0000000,     0.0000000
     56.10,        0.0000,       0.00000,     0.0000000,     0.0000000,     0.0000000,     0.0000000,     0.0000000,     0.0000000,     0.0000000
     56.20,        0.0000,       0.00000,     0.0000000,     0.0000000,     0.0000000,     0.0000000,     0.0000000,     0.0000000,     0.0000000
     56.30,        0.0000,       0.00000,     0.0000000,     0.0000000,     0.0000000,     0.0000000,     0.0000000,     0.0000000,     0.0000000
     56.40,        0.0000,       0.00000,     0.0000000,     0.0000000,     0.0000000,     0.0000000,     0.0000000,     0.0000000,     0.0000000
     56.50,        0.0000,       0.00000,     0.0000000,     0.0000000,     0.0000000,     0.0000000,     0.0000000,     0.0000000,     0.0000000
     56.60,        0.0000,       0.00000,     0.0000000,     0.0000000,     0.0000000,     0.0000000,     0.0000000,     0.0000000,     0.0000000
     56.70,        0.0000,       0.00000,     0.0000000,     0.0000000,     0.0000000,     0.0000000,     0.0000000,     0.0000000,     0.0000000
     56.80,        0.0000,       0.00000,     0.0000000,     0.0000000,     0.0000000,     0.0000000,     0.0000000,     0.0000000,     0.0000000
     56.90,        0.0000,       0.00000,     0.0000000,     0.0000000,     0.0000000,     0.0000000,     0.0000000,     0.0000000,     0.0000000
     57.00,        0.0000,       0.00000,     0.0000000,     0.0000000,     0.0000000,     0.0000000,     0.0000000,     0.0000000,     0.0000000
     57.10,        0.0000,       0.00000,     0.0000000,     0.0000000,     0.0000000,     0.0000000,     0.0000000,     0.0000000,     0.0000000
     57.20,        0.0000,       0.00000,     0.0000000,     0.0000000,     0.0000000,     0.0000000,     0.0000000,     0.0000000,     0.0000000
     57.30,        0.0000,       0.00000,     0.0000000,     0.0000000,     0.0000000,     0.0000000,     0.0000000,     0.0000000,     0.0000000
     57.40,        0.0000,       0.00000,     0.0000000,     0.0000000,     0.0000000,     0.0000000,     0.0000000,     0.0000000,     0.0000000
     57.50,        0.0000,       0.00000,     0.0000000,     0.0000000,     0.0000000,     0.0000000,     0.0000000,     0.0000000,     0.0000000
     57.60,        0.0000,       0.00000,     0.0000000,     0.0000000,     0.0000000,     0.0000000,     0.0000000,     0.0000000,     0.0000000
     57.70,        0.0000,       0.00000,     0.0000000,     0.0000000,     0.0000000,     0.0000000,     0.0000000,     0.0000000,     0.0000000
     57.80,        0.0000,       0.00000,     0.0000000,     0.0000000,     0.0000000,     0.0000000,     0.0000000,     0.0000000,     0.0000000
     57.90,        0.0000,       0.00000,     0.0000000,     0.0000000,     0.0000000,     0.0000000,     0.0000000,     0.0000000,     0.0000000
     58.00,        0.0000,       0.00000,     0.0000000,     0.0000000,     0.0000000,     0.0000000,     0.0000000,     0.0000000,     0.0000000
     58.10,        0.0000,       0.00000,     0.0000000,     0.0000000,     0.0000000,     0.0000000,     0.0000000,     0.0000000,     0.0000000
     58.20,        0.0000,       0.00000,     0.0000000,     0.0000000,     0.0000000,     0.0000000,     0.0000000,     0.0000000,     0.0000000
     58.30,        0.0000,       0.00000,     0.0000000,     0.0000000,     0.0000000,     0.0000000,     0.0000000,     0.0000000,     0.0000000
     58.40,        0.0000,       0.00000,     0.0000000,     0.0000000,     0.0000000,     0.0000000,     0.0000000,     0.0000000,     0.0000000
     58.50,        0.0000,       0.00000,     0.0000000,     0.0000000,     0.0000000,     0.0000000,     0.0000000,     0.0000000,     0.0000000
     58.60,        0.0000,       0.00000,     0.0000000,     0.0000000,     0.0000000,     0.0000000,     0.0000000,     0.0000000,     0.0000000
     58.70,        0.0000,       0.00000,     0.0000000,     0.0000000,     0.0000000,     0.0000000,     0.0000000,     0.0000000,     0.0000000
     58.80,        0.0000,       0.00000,     0.0000000,     0.0000000,     0.0000000,     0.0000000,     0.0000000,     0.0000000,     0.0000000
     58.90,        0.0000,       0.00000,     0.0000000,     0.0000000,     0.0000000,     0.0000000,     0.0000000,     0.0000000,     0.0000000
     59.00,        0.0000,       0.00000,     0.0000000,     0.0000000,     0.0000000,     0.0000000,     0.0000000,     0.0000000,     0.0000000
     59.10,        0.0000,       0.00000,     0.0000000,     0.0000000,     0.0000000,     0.0000000,     0.0000000,     0.0000000,     0.0000000
     59.20,        0.0000,       0.00000,     0.0000000,     0.0000000,     0.0000000,     0.0000000,     0.0000000,     0.0000000,     0.0000000
     59.30,        0.0000,       0.00000,     0.0000000,     0.0000000,     0.0000000,     0.0000000,     0.0000000,     0.0000000,     0.0000000
     59.40,        0.0000,       0.00000,     0.0000000,     0.0000000,     0.0000000,     0.0000000,     0.0000000,     0.0000000,     0.0000000
     59.50,        0.0000,       0.00000,     0.0000000,     0.0000000,     0.0000000,     0.0000000,     0.0000000,     0.0000000,     0.0000000
     59.60,        0.0000,       0.00000,     0.0000000,     0.0000000,     0.0000000,     0.0000000,     0.0000000,     0.0000000,     0.0000000
     59.70,        0.0000,       0.00000,     0.0000000,     0.0000000,     0.0000000,     0.0000000,     0.0000000,     0.0000000,     0.0000000
     59.80,        0.0000,       0.00000,     0.0000000,     0.0000000,     0.0000000,     0.0000000,     0.0000000,     0.0000000,     0.0000000
     59.90,        0.0000,       0.00000,     0.0000000,     0.0000000,     0.0000000,     0.0000000,     0.0000000,     0.0000000,     0.0000000
     60.00,        0.0000,       0.00000,     0.0000000,     0.0000000,     0.0000000,     0.0000000,     0.0000000,     0.0000000,     0.0000000
